b_date;b_team_home;b_team_away;b_tournament_group;b_tournament_name1;b_tournament_country;b_tournament_phase1;r_goals_before_penalties_home;r_goals_before_penalties_away;r_goals_final_home;r_goals_final_away
2014-06-12;BRA;HRV;A;WM 2014;Brasilien;Endrunde;3;1;3;1
2014-06-13;MEX;CMR;A;WM 2014;Brasilien;Endrunde;1;0;1;0
2014-06-17;BRA;MEX;A;WM 2014;Brasilien;Endrunde;0;0;0;0
2014-06-18;CMR;HRV;A;WM 2014;Brasilien;Endrunde;0;4;0;4
2014-06-23;CMR;BRA;A;WM 2014;Brasilien;Endrunde;1;4;1;4
2014-06-23;HRV;MEX;A;WM 2014;Brasilien;Endrunde;1;3;1;3
2014-06-13;ESP;NLD;B;WM 2014;Brasilien;Endrunde;1;5;1;5
2014-06-13;CHL;AUS;B;WM 2014;Brasilien;Endrunde;3;1;3;1
2014-06-18;AUS;NLD;B;WM 2014;Brasilien;Endrunde;2;3;2;3
2014-06-18;ESP;CHL;B;WM 2014;Brasilien;Endrunde;0;2;0;2
2014-06-23;AUS;ESP;B;WM 2014;Brasilien;Endrunde;0;3;0;3
2014-06-23;NLD;CHL;B;WM 2014;Brasilien;Endrunde;2;0;2;0
2014-06-14;COL;GRC;C;WM 2014;Brasilien;Endrunde;3;0;3;0
2014-06-14;CIV;JPN;C;WM 2014;Brasilien;Endrunde;2;1;2;1
2014-06-19;COL;CIV;C;WM 2014;Brasilien;Endrunde;2;1;2;1
2014-06-19;JPN;GRC;C;WM 2014;Brasilien;Endrunde;0;0;0;0
2014-06-24;JPN;COL;C;WM 2014;Brasilien;Endrunde;1;4;1;4
2014-06-24;GRC;CIV;C;WM 2014;Brasilien;Endrunde;2;1;2;1
2014-06-14;URY;CRI;D;WM 2014;Brasilien;Endrunde;1;3;1;3
2014-06-14;ENG;ITA;D;WM 2014;Brasilien;Endrunde;1;2;1;2
2014-06-19;URY;ENG;D;WM 2014;Brasilien;Endrunde;2;1;2;1
2014-06-20;ITA;CRI;D;WM 2014;Brasilien;Endrunde;0;1;0;1
2014-06-24;ITA;URY;D;WM 2014;Brasilien;Endrunde;0;1;0;1
2014-06-24;CRI;ENG;D;WM 2014;Brasilien;Endrunde;0;0;0;0
2014-06-15;CHE;ECU;E;WM 2014;Brasilien;Endrunde;2;1;2;1
2014-06-15;FRA;HND;E;WM 2014;Brasilien;Endrunde;3;0;3;0
2014-06-20;CHE;FRA;E;WM 2014;Brasilien;Endrunde;2;5;2;5
2014-06-20;HND;ECU;E;WM 2014;Brasilien;Endrunde;1;2;1;2
2014-06-25;HND;CHE;E;WM 2014;Brasilien;Endrunde;0;3;0;3
2014-06-25;ECU;FRA;E;WM 2014;Brasilien;Endrunde;0;0;0;0
2014-06-15;ARG;BIH;F;WM 2014;Brasilien;Endrunde;2;1;2;1
2014-06-16;IRN;NGA;F;WM 2014;Brasilien;Endrunde;0;0;0;0
2014-06-21;ARG;IRN;F;WM 2014;Brasilien;Endrunde;1;0;1;0
2014-06-21;NGA;BIH;F;WM 2014;Brasilien;Endrunde;1;0;1;0
2014-06-25;NGA;ARG;F;WM 2014;Brasilien;Endrunde;2;3;2;3
2014-06-25;BIH;IRN;F;WM 2014;Brasilien;Endrunde;3;1;3;1
2014-06-16;DEU;PRT;G;WM 2014;Brasilien;Endrunde;4;0;4;0
2014-06-16;GHA;USA;G;WM 2014;Brasilien;Endrunde;1;2;1;2
2014-06-21;DEU;GHA;G;WM 2014;Brasilien;Endrunde;2;2;2;2
2014-06-22;USA;PRT;G;WM 2014;Brasilien;Endrunde;2;2;2;2
2014-06-26;USA;DEU;G;WM 2014;Brasilien;Endrunde;0;1;0;1
2014-06-26;PRT;GHA;G;WM 2014;Brasilien;Endrunde;2;1;2;1
2014-06-17;BEL;DZA;H;WM 2014;Brasilien;Endrunde;2;1;2;1
2014-06-17;RUS;KOR;H;WM 2014;Brasilien;Endrunde;1;1;1;1
2014-06-22;BEL;RUS;H;WM 2014;Brasilien;Endrunde;1;0;1;0
2014-06-22;KOR;DZA;H;WM 2014;Brasilien;Endrunde;2;4;2;4
2014-06-26;KOR;BEL;H;WM 2014;Brasilien;Endrunde;;;;
2014-06-26;DZA;RUS;H;WM 2014;Brasilien;Endrunde;;;;
